AAC-17,324303114480501
PK-1,324325114461001
T3-S2,324426114530901
T2-S2,324410114533801
T1-S5,324226114554901
T1-S1,324252114555801
JCLI,350545106335901
JCLI,350545106335902
JCLI,350545106335903
SOUT,350359106333901
SOUT,350359106333902
SOUT,350359106333903
SOUT,350359106333904
SOUT,350359106333905
SOUT,350359106333906
SOUT,350359106333907
SOUT,350359106333908
MDSL,345758106364001
MDSL,345758106364002
MDSL,345758106364003
WGHT,350244106450201
WGHT,350244106450202
WGHT,350244106450203
WBLF,350638106413701
WBLF,350638106413702
WBLF,350638106413703
WBLF,350638106413704
WBLF,350638106413705
WBLF,350638106413706
HRUN,351201106400501
HRUN,351201106400502
HRUN,351201106400503
HRUN,351201106400504
HRUN,351201106400505
HRUN,351201106400506
SVIS,350910106414801
SVIS,350910106414802
SVIS,350910106414803
SVIS,350910106414804
SVIS,350910106414805
SVIS,350910106414806
SICI,350908106344401
SICI,350908106344402
NEST,351114106330601
NEST,351114106330602
NEST,351114106330603
usbr47,321704106460601
usbr16,321859106503101
usbr12,321803106500401
usbr45,321832106481701
usbr11,321616106501201
M4,321332106443703
usbr13,321249106453401
usbr14,321342106444701
usbr46,321455106470101
USBR48,321455106492001
LC2,321745106492103
M2,321241106461603
GLC9,321740106481003
A-15-05 36DAB,343852111460301
A-16-03 20DDC,344544112025001
B-17-02 06BBB,345338112311801
B-17-02 04DBC1,345300112283701
B-18-02 20DBB,345557112294501
B-18-02 28ABA,345528112283201
B-18-02 31BCB,345423112311901
B-19-04 04CAC,350332112413701
B-19-04 05ABA,350403112421801
B-19-04 10CCB2,350232112404901
B-20-04 19CBA,350616112435601
B-20-04 32BBA,350500112424601
B-20-04 33CBD2,350427112414701
B-20-05 13DAA,350709112441101
campverde,343409111511101
Camp Wood,344841112463701
Church Camp,350253112411201
cottonwood_vfw,344354112014901
cottonwood_shallow,344428112004801
dori,344957111463102
Eclipse,344930112391901
weesner2,343850111460701
A-15-04_11AAB,344302111532701
A-16-03_20DDC,344544112025001
